name,address,streetName,crossStreet,displayName
Pet Supplies Plus,"3640 N Elston Ave, Chicago, IL 60618",Elston,Addison,Pet Supplies Plus (Elston and Addison)
Walgreens,"4001 W Irving Park Rd, Chicago, IL 60641",Irving Park,Pulaski,Walgreens (Irving Park and Pulaski)
Jewel-Osco,"4660 W Irving Park Rd, Chicago, IL 60641",Irving Park,Cicero,Jewel-Osco (Irving Park and Cicero)
Wingstop,"3046 N Central Ave, Chicago, IL 60634",Central,Belmont,Wingstop (Central and Belmont)
Dollar General,"5701 W Belmont Ave, Chicago, IL 60634",Belmont,Central,Dollar General (Belmont and Central)
Walgreens,"2001 N Milwaukee Ave, Chicago, IL 60647",Milwaukee,Armitage,Walgreens (Milwaukee and Armitage)
The Chicago Diner,"2333 N Milwaukee Ave, Chicago, IL 60647",Milwaukee,California,The Chicago Diner (Milwaukee and California)
Bianca's Burgers,"2525 W Division St FL 1, Chicago, IL 60625",Division,Campbell,Bianca's Burgers (Division and Campbell)
Izakaya Shinya,"2255 W North Ave, Chicago, IL 60647",North,Oakley,Izakaya Shinya (North and Oakley)
Walgreens,"1627 N Pulaski Rd, Chicago, IL 60639",Pulaski,North,Walgreens (Pulaski and North)
Jimmy's Red Hots,"4000 W Grand Ave, Chicago, IL 60651",Grand,Pulaski,Jimmy's Red Hots (Grand and Pulaski)
Walgreens,"3320 W Fullerton Ave, Chicago, IL 60647",Fullerton,Kimball,Walgreens (Fullerton and Kimball)
Jewel-Osco,"1341 N Paulina St, Chicago, IL 60622",Paulina,Milwaukee,Jewel-Osco (Paulina and Milwaukee)
Antique Taco,"1360 N Milwaukee Ave, Chicago, IL 60622",Milwaukee,Wolcott,Antique Taco (Milwaukee and Wolcott)
Jewel-Osco,"2550 N Clybourn Ave, Chicago, IL 60614",Clybourn,Wrightwood,Jewel-Osco (Clybourn and Wrightwood)
Sultan's Market,"2204 N California Ave, Chicago, IL 60647",California,Palmer,Sultan's Market (California and Palmer)
Target,"2939 W Addison St, Chicago, IL 60618",Addison,Sacramento,Target (Addison and Sacramento)
Jersey Mike's,"4359 W Irving Park Rd, Chicago, IL 60641",Irving Park,Kostner,Jersey Mike's (Irving Park and Kostner)
Jewel-Osco,"3570 N Elston Ave, Chicago, IL 60618",Elston,Kedzie,Jewel-Osco (Elston and Kedzie)
Wingstop,"1251 W Fullerton Ave, Chicago, IL 60614",Fullerton,Racine,Wingstop (Fullerton and Racine)
Chef's Special Cocktail Bar,"2165 N Western Ave, Chicago, IL 60647",Western,Palmer,Chef's Special Cocktail Bar (Western and Palmer)
La Mexicana,"3731 N Clark St, Chicago, IL 60613",Clark,Waveland,La Mexicana (Clark and Waveland)
C'est Bien Thai,"3900 N Lincoln Ave, Chicago, IL 60613",Lincoln,Byron,C'est Bien Thai (Lincoln and Byron)
Birria Don Pancho,"3517 N Spaulding Ave, Chicago, IL 60618",Spalding,Addison,Birria Don Pancho (Spalding and Addison)
Baba's Steak and Lemonade,"3958 W Monroe St, Chicago, IL 60624",Monroe,Pulaski,Baba's Steak and Lemonade (Monroe and Pulaski)
Dollar General,"3527 W Armitage Ave, Chicago, IL 60647",Armitage,Drake,Dollar General (Armitage and Drake)
Smoque BBQ,"3800 N Pulaski Rd, Chicago, IL 60641",Pulaski,Grace,Smoque BBQ (Pulaski and Grace)
Taco Max,"3402 W Montrose Ave, Chicago, IL 60618",Montrose,Kimball,Taco Max (Montrose and Kimball)
Jewel-Osco,"5516 N Clark St, Chicago, IL 60640",Clark,Bryn Mawr,Jewel-Osco (Clark and Bryn Mawr)
Kraken Sushi,"4022 N Western Ave, Chicago, IL 60618",Western,Irving Park,Kraken Sushi (Western and Irving Park)
Walgreens,"1372 N Milwaukee Ave, Chicago, IL 60622",Milwaukee,Wolcott,Walgreens (Milwaukee and Wolcott)
Harold's Chicken,"1361 N Milwaukee Ave, Chicago, IL 60622",Milwaukee,Wood,Harold's Chicken (Milwaukee and Wood)
ALDI,"4627 W Diversey Ave, Chicago, IL 60639",Diversey,Kilpatrick,ALDI (Diversey and Kilpatrick)
Hawaiian Bros,"3517 N Spaulding Ave, Chicago, IL 60618",Spalding,Addison,Hawaiian Bros (Spalding and Addison)
Golden Leaf Liquors,"3652 W Irving Park Rd, Chicago, IL 60618",Irving Park,Elston,Golden Leaf Liquors (Irving Park and Elston)
Poke Okie,"2945 N Milwaukee Ave, Chicago, IL 60618",Milwaukee,Central Park,Poke Okie (Milwaukee and Central Park)
Papa Johns,"4606 W Diversey Ave C, Chicago, IL 60639",Diversey,Kilpatrick,Papa Johns (Diversey and Kilpatrick)
Rico Fresh Market,"3552 W Armitage Ave, Chicago, IL 60647",Armitage,Central Park,Rico Fresh Market (Armitage and Central Park)
Office Max,"1829 W Fullerton Ave, Chicago, IL 60614",Fullerton,Wood,Office Max (Fullerton and Wood)
El Taconazo Express,"3129 W Armitage Ave, Chicago, IL 60647",Armitage,Kedzie,El Taconazo Express (Armitage and Kedzie)
Dunkin Donuts,"3347 W North Ave, Chicago, IL 60647",North,Kimball,Dunkin Donuts (North and Kimball)
ALDI,"800 N Kedzie Ave, Chicago, IL 60651",Kedzie,Chicago,ALDI (Kedzie and Chicago)
ALDI,"1440 N Kostner Ave, Chicago, IL 60651",Kostner,Le Moyne,ALDI (Kostner and Le Moyne)
GooGoo's Table,"4356 W Armitage Ave, Chicago, IL 60639",Armitage,Kostner,GooGoo's Table (Armitage and Kostner)
Tony's Fresh Market,"3607 W Fullerton Ave, Chicago, IL 60647",Fullerton,Central Park,Tony's Fresh Market (Fullerton and Central Park)
El Taconazo Jr,"4256 W Fullerton Ave, Chicago, IL 60639",Fullerton,Kildare,El Taconazo Jr (Fullerton and Kildare)
El Taconazo Tio,"3529 W Fullerton Ave, Chicago, IL 60647",Fullerton,Drake,El Taconazo Tio (Fullerton and Drake)
Walgreens,"4817 W Fullerton Ave, Chicago, IL 60639",Fullerton,Cicero,Walgreens (Fullerton and Cicero)
McDonalds,"2317 N Cicero Ave, Chicago, IL 60639",Cicero,Belden,McDonalds (Cicero and Belden)
Andros Taverna,"2542 N Milwaukee Ave, Chicago, IL 60647",Milwaukee,Logan,Andros Taverna (Milwaukee and Logan)
McDonalds,"2754 N Narragansett Ave, Chicago, IL 60639",Narragansett,Diversey,McDonalds (Narragansett and Diversey)
Portillo's,"3343 W Addison St, Chicago, IL 60618",Addison,Kimball,Portillo's (Addison and Kimball)
Wendy's,"2215 N Washtenaw Ave, Chicago, IL 60647",Washtenaw,Milwaukee,Wendy's (Washtenaw and Milwaukee)
Dash Mart,"4455 N Elston Ave, Chicago, IL 60630",Elston,Keeler,Dash Mart (Elston and Keeler)
Bowls of Rice,"3517 N Spaulding Ave, Chicago, IL 60618",Spalding,Addison,Bowls of Rice (Spalding and Addison)
Jewel-Osco,"3400 N Western Ave, Chicago, IL 60618",Western,Roscoe,Jewel-Osco (Western and Roscoe)
Forever Yogurt,"2741 N Elston Ave, Chicago, IL 60647",Elston,Logan,Forever Yogurt (Elston and Logan)
Carbon Live Fire Grill,"810 N Marshfield Ave, Chicago, IL 60622",Marshfield,Chicago,Carbon Live Fire Grill (Marshfield and Chicago)
The Boil Cajun Seafood,"1805 W Division St, Chicago, IL 60622",Division,Wood,The Boil Cajun Seafood (Division and Wood)
Potbelly,"4185 W Irving Park Rd, Chicago, IL 60641",Irving Park,Keeler,Potbelly (Irving Park and Keeler)
Taqueria El Heredero,"3220 W Armitage Ave, Chicago, IL 60647",Armitage,Kedzie,Taqueria El Heredero (Armitage and Kedzie)
ArePA George,"1552 N Kedzie Ave, Chicago, IL 60651",Kedzie,North,ArePA George (Kedzie and North)
Pizza Hut,"2516 W North Ave, Chicago, IL 60647",North,Campbell,Pizza Hut (North and Campbell)
VAJRA,"2039 W North Ave, Chicago, IL 60647",North,Hoyne,VAJRA (North and Hoyne)
McDonalds,"3245 W North Ave, Chicago, IL 60647",North,Kedzie,McDonalds (North and Kedzie)
Restaurant Depot,"1030 W Division St, Chicago, IL 60642",Division,Cherry,Restaurant Depot (Division and Cherry)
Bluebird,"2863 N Clark St, Chicago, IL 60657",Clark,Surf,Bluebird (Clark and Surf)
GG's Chicken Shop,"3325 N Southport Ave #2, Chicago, IL 60657",Southport,Henderson,GG's Chicken Shop (Southport and Henderson)
Hot Woks Cool Sushi,"2032 W Roscoe St, Chicago, IL 60618",Roscoe,Damen,Hot Woks Cool Sushi (Roscoe and Damen)
Soul & Smoke,"3057 N Rockwell St, Chicago, IL 60618",Rockwell,Barry,Soul & Smoke (Rockwell and Barry)
Al's Beef,"2804 N Western Ave, Chicago, IL 60618",Western,Elston,Al's Beef (Western and Elston)
Chipotle,"2743 N Elston Ave, Chicago, IL 60647",Elston,Logan,Chipotle (Elston and Logan)
Fresh Thyme,"2500 N Elston Ave, Chicago, IL 60647",Elston,Leavitt,Fresh Thyme (Elston and Leavitt)
Jewel-Osco,"370 N Desplaines St, Chicago, IL 60661",Des Plaines,Kinzie,Jewel-Osco (Des Plaines and Kinzie)
SABA Italian Kitchen,"2715 N Milwaukee Ave, Chicago, IL 60647",Milwaukee,Sawyer,SABA Italian Kitchen (Milwaukee and Sawyer)
Small Cheval,"1732 N Milwaukee Ave, Chicago, IL 60647",Milwaukee,Wabansia,Small Cheval (Milwaukee and Wabansia)
R&S Discount Liquor,"2425 W Diversey Ave, Chicago, IL 60647",Diversey,Artesian,R&S Discount Liquor (Diversey and Artesian)
Leona's Pizzeria,"3877 N Elston Ave, Chicago, IL 60618",Elston,Drake,Leona's Pizzeria (Elston and Drake)
Pizza Matta,"3211 W Armitage Ave, Chicago, IL 60647",Armitage,Kedzie,Pizza Matta (Armitage and Kedzie)
Chengdu Impressions,"1300 N Milwaukee Ave, Chicago, IL 60622",Milwaukee,Paulina,Chengdu Impressions (Milwaukee and Paulina)
Rangoli Indian Cuisine,"2421 W North Ave, Chicago, IL 60647",North,Western,Rangoli Indian Cuisine (North and Western)
Komorebi Sushi,"1324 N Milwaukee Ave, Chicago, IL 60622",Milwaukee,Paulina,Komorebi Sushi (Milwaukee and Paulina)
The Pasta Bowl,"1852 W North Ave, Chicago, IL 60622",North,Wolcott,The Pasta Bowl (North and Wolcott)
Smoke Daddy BBQ,"1804 W Division St, Chicago, IL 60622",Division,Wood,Smoke Daddy BBQ (Division and Wood)
Foremost Liquors,"3301 W North Ave, Chicago, IL 60647",North,Spaulding,Foremost Liquors (North and Spaulding)
Lucy's Fried Chicken & Burgers,"1043 N California Ave, Chicago, IL 60622",California,Cortez,Lucy's Fried Chicken & Burgers (California and Cortez)
CVS,"2427 W Chicago Ave, Chicago, IL 60622",Chicago,Western,CVS (Chicago and Western)
Whale Fish & Chicken,"3600 W Chicago Ave, Chicago, IL 60651",Chicago,Central Park,Whale Fish & Chicken (Chicago and Central Park)
Walgreens,"2744 N California Ave, Chicago, IL 60647",California,Diversey,Walgreens (California and Diversey)
7-Eleven,"2401 N Milwaukee Ave, Chicago, IL 60647",Milwaukee,Fullerton,7-Eleven (Milwaukee and Fullerton)
Bon Bon Sandwiches,"2333 W North Ave, Chicago, IL 60647",North,Claremont,Bon Bon Sandwiches (North and Claremont)
Tribecca's Sandwich Shop,"2949 W Belmont Ave, Chicago, IL 60618",Belmont,Sacramento,Tribecca's Sandwich Shop (Belmont and Sacramento)
Chipotle,"4657 W Irving Park Rd, Chicago, IL 60641",Irving Park,Kilpatrick,Chipotle (Irving Park and Kilpatrick)
McDonalds,"2005 W Chicago Ave, Chicago, IL 60622",Chicago,Damen,McDonalds (Chicago and Damen)
CVS,"6150 N Broadway, Chicago, IL 60660",Broadway,Granville,CVS (Broadway and Granville)
Dunkin Donuts,"2035 N Pulaski Rd, Chicago, IL 60639",Pulaski,McClean,Dunkin Donuts (Pulaski and McClean)
Chik-fil-A,"3246 W Addison St, Chicago, IL 60618",Addison,Spaulding,Chik-fil-A (Addison and Spaulding)
Chik-fil-A,"1910 W Fullerton Ave, Chicago, IL 60614",Fullerton,Elston,Chik-fil-A (Fullerton and Elston)
Panda Express,"2949 W Addison St, Chicago, IL 60618",Addison,Sacramento,Panda Express (Addison and Sacramento)
Opart Thai,"1546 W Chicago Ave, Chicago, IL 60642",Chicago,Ashland,Opart Thai (Chicago and Ashland)
Fry the Coop,"1529 W Chicago Ave, Chicago, IL 60642",Chicago,Armour,Fry the Coop (Chicago and Armour)
ALDI,"1753 N Milwaukee Ave, Chicago, IL 60647",Milwaukee,Leavitt,ALDI (Milwaukee and Leavitt)
Urbanbelly,"1542 N Damen Ave, Chicago, IL 60622",Damen,Pierce,Urbanbelly (Damen and Pierce)
Lowe's,"1360 N Ashland Ave, Chicago, IL 60622",Ashland,Blackhawk,Lowe's (Ashland and Blackhawk)
Choppers,"1659 N Ashland Ave, Chicago, IL 60622",Ashland,Wabansia,Choppers (Ashland and Wabansia)
Target,"2656 N Elston Ave, Chicago, IL 60647",Elston,Logan,Target (Elston and Logan)
Buffalo Wild Wings,"1832 N Clybourn Ave, Chicago, IL 60614",Clybourn,Sheffield,Buffalo Wild Wings (Clybourn and Sheffield)
Jaimito's Burritos,"1781 N Clybourn Ave, Chicago, IL 60614",Clybourn,Sheffield,Jaimito's Burritos (Clybourn and Sheffield)
Walgreens,"2500 N Clark St, Chicago, IL 60614",Clark,St. James,Walgreens (Clark and St. James)
Jewel-Osco,"3531 N Broadway, Chicago, IL 60657",Broadway,Addison,Jewel-Osco (Broadway and Addison)
Lakeside Wine & Spirit,"801 W Irving Park Rd, Chicago, IL 60613",Irving Park,Broadway,Lakeside Wine & Spirit (Irving Park and Broadway)
Shake Shake,"185 N Morgan St, Chicago, IL 60607",Morgan,Lake,Shake Shake (Morgan and Lake)
Bristol Liquor,"3086 N Milwaukee Ave, Chicago, IL 60618",Milwaukee,Ridgeway,Bristol Liquor (Milwaukee and Ridgeway)
Popeyes,"5353 N Harlem Ave, Chicago, IL 60656",Harlem,Balmoral,Popeyes (Harlem and Balmoral)
Burger King,"4514 W Diversey Ave, Chicago, IL 60639",Diversey,Kolmar,Burger King (Diversey and Kolmar)
Gosa Tea,"4048 N Narragansett Ave, Chicago, IL 60634",Narragansett,Belle Plaine,Gosa Tea (Narragansett and Belle Plaine)
Panda Express,"1250 S Canal St, Chicago, IL 60607",Canal,Roosevelt,Panda Express (Canal and Roosevelt)
Wilde Bar & Restaurant,"3130 N Broadway, Chicago, IL 60657",Broadway,Briar,Wilde Bar & Restaurant (Broadway and Briar)
Al-Halal Zaiqa Restaurant,"449 W North Ave, Chicago, IL 60610",North,Cleveland,Al-Halal Zaiqa Restaurant (North and Cleveland)
Wendy's,"145 S Western Ave, Chicago, IL 60612",Western,Adams,Wendy's (Western and Adams)
Taco Pros,"1959 W Chicago Ave, Chicago, IL 60622",Chicago,Damen,Taco Pros (Chicago and Damen)
Dimo's Pizza,"1615 N Damen Ave, Chicago, IL 60647",Damen,North,Dimo's Pizza (Damen and North)
Uni Sushi,"1752 W North Ave, Chicago, IL 60622",North,Wood,Uni Sushi (North and Wood)